{
  "data": [{
    "productType": "4",
    "appointDate": "2017-09-21",
    "appointTime": "15:20:01",
    "houseDeptName": "浦东房管局",
    "stageId": "ApplyTransfer",
    "cityId": "300100",
    "orderId": "20160511_310100001_00_311304"
  }, {
    "productType": "4",
    "appointDate": "2017-09-21",
    "appointTime": "16:20:01",
    "houseDeptName": "浦东房管局",
    "stageId": "ApplyTransfer",
    "cityId": "300100",
    "orderId": "20160511_310100001_00_311304"
  }],
  "flag": 1,
  "msg": "操作成功"
}