{
  "data": [{
    "handUserName": "",
    "taskId": "0-a374f93d-1e5e-11e6-93a5-06c72c001369",
    "stageName": "审税(过户)",
    "cityId": "310100",
    "RN": 1,
    "appointDate": null,
    "productType": "4",
    "appointTime": null,
    "stageId": "ApplyTax",
    "timeShow": "2016-05-24 09:51:49",
    "taskStatus": "1",
    "address": "4",
    "handleUser": "",
    "gender": "1",
    "custName": "1",
    "custStatus": null,
    "custMobile": "15844586985",
    "orderId": "20160511_310100001_00_311304",
    "isRead": "未读",
    "taskContent": "1",
    "subtaskId": "007"
  }, {
    "handUserName": "抵押专员051601",
    "taskId": "0-a374f93d-1e5e-11e6-93a5-06c72c001369",
    "stageName": "审税(过户)",
    "cityId": "310100",
    "RN": 1,
    "appointDate": null,
    "productType": "4",
    "appointTime": null,
    "stageId": "ApplyTax",
    "timeShow": "2016-05-24 09:51:49",
    "taskStatus": "2",
    "address": "4",
    "handleUser": "TEST720222843",
    "gender": "1",
    "custName": "2",
    "custStatus": null,
    "custMobile": "15844586985",
    "orderId": "20160511_310100001_00_311304",
    "isRead": "未读",
    "taskContent": "2",
    "subtaskId": "003"
  }],
  "flag": 1,
  "msg": "操作成功",
  "time": 1464054709891
}