{
  "data": [
    {
      "handUserName": "抵押专员051601",
      "taskId": "0-a374f93d-1e5e-11e6-93a5-06c72c001369",
      "stageName": "审税(过户)",
      "cityId": "310100",
      "RN": 1,
      "appointDate": null,
      "productType": "1",
      "appointTime": null,
      "stageId": "ApplyTax",
      "timeShow": "2016-05-24 09:51:49",
      "taskStatus": "4",
      "address": "4",
      "handleUser": "TEST720222843",
      "gender": "1",
      "custName": "2",
      "custStatus": null,
      "custMobile": "15844586985",
      "orderId": "20160511_310100001_00_311304",
      "isRead": "未读"
    },
    {
      "handUserName": "抵押专员051601",
      "taskId": "0-df86c976-1e53-11e6-9a1f-06c72c001369",
      "stageName": "提交过户受理材料(过户)",
      "cityId": "310100",
      "RN": 2,
      "appointDate": null,
      "productType": "6",
      "appointTime": null,
      "stageId": "ApplyTransfer",
      "timeShow": "2016-05-24 09:51:49",
      "taskStatus": "9",
      "address": null,
      "handleUser": "TEST720222843",
      "gender": "2",
      "custName": "蔡零一八零",
      "custStatus": "custArrived",
      "custMobile": null,
      "orderId": "20160519_310100001_00_312174",
      "isRead": "已读"
    },
    {
      "handUserName": "抵押专员051601",
      "taskId": "0-93199953-20b0-11e6-9990-06c72c001369",
      "stageName": "缴税(过户)",
      "cityId": "310100",
      "RN": 3,
      "appointDate": "2016-05-20",
      "productType": "4",
      "appointTime": "18:40:00",
      "stageId": "TaxCompleted",
      "timeShow": "2016-05-24 09:51:49",
      "taskStatus": "2",
      "address": "张三524",
      "handleUser": "TEST720222843",
      "gender": "0",
      "custName": "李四75",
      "custStatus": "custArrived",
      "custMobile": "13645142700",
      "orderId": "20160523_310100060_00_312404",
      "isRead": "已读"
    },
    {
      "handUserName": "抵押专员051601",
      "taskId": "0-09511398-214f-11e6-99fb-06c72c001369",
      "stageName": "审查买方资格(过户)",
      "cityId": "310100",
      "RN": 4,
      "appointDate": "2016-05-23",
      "productType": "1",
      "appointTime": "21:05:00",
      "stageId": "ApplyAuditBuyerQualification",
      "timeShow": "2016-05-24 09:51:49",
      "taskStatus": "2",
      "address": "696路366栋8664号8344",
      "handleUser": "TEST720222843",
      "gender": "0",
      "custName": "李四967",
      "custStatus": null,
      "custMobile": "13645210631",
      "orderId": "20160523_310100060_00_312448",
      "isRead": "已读"
    },
    {
      "handUserName": "抵押专员051601",
      "taskId": "0-96cf9c96-20b0-11e6-9990-06c72c001369",
      "stageName": "提交过户受理材料(过户)",
      "cityId": "310100",
      "RN": 5,
      "appointDate": "2016-05-25",
      "productType": "1",
      "appointTime": "18:40:00",
      "stageId": "ApplyTransfer",
      "timeShow": "2016-05-24 09:51:49",
      "taskStatus": "2",
      "address": "张三6867",
      "handleUser": "TEST720222843",
      "gender": "0",
      "custName": "李四8299",
      "custStatus": null,
      "custMobile": "13645142732",
      "orderId": "20160523_310100060_00_312407",
      "isRead": "已读"
    },
    {
      "handUserName": "抵押专员051601",
      "taskId": "0-8eb0c0ce-20b0-11e6-9990-06c72c001369",
      "stageName": "审税(过户)",
      "cityId": "310100",
      "RN": 6,
      "appointDate": null,
      "productType": "1",
      "appointTime": null,
      "stageId": "Tax",
      "timeShow": "2016-05-24 09:51:49",
      "taskStatus": "2",
      "address": "张三3519",
      "handleUser": "TEST720222843",
      "gender": "0",
      "custName": "李四6765",
      "custStatus": null,
      "custMobile": "13645142004",
      "orderId": "20160523_310100060_00_312395",
      "isRead": "已读"
    },
    {
      "handUserName": "抵押专员051601",
      "taskId": "0-3c9714eb-20c1-11e6-864a-06c72c001369",
      "stageName": "缴税(过户)",
      "cityId": "310100",
      "RN": 7,
      "appointDate": null,
      "productType": "1",
      "appointTime": null,
      "stageId": "TaxCompleted",
      "timeShow": "2016-05-24 09:51:49",
      "taskStatus": "2",
      "address": "张三7747",
      "handleUser": "TEST720222843",
      "gender": "0",
      "custName": "李四1247",
      "custStatus": "custArrived",
      "custMobile": "13645160606",
      "orderId": "20160523_310100060_00_312425",
      "isRead": "已读"
    },
    {
      "handUserName": "抵押专员051601",
      "taskId": "0-9d215948-20b0-11e6-9990-06c72c001369",
      "stageName": "RC任务分派(买卖合同)",
      "cityId": "310100",
      "RN": 8,
      "appointDate": "2016-05-23",
      "productType": "1",
      "appointTime": "11:00:00",
      "stageId": "TaskAssign",
      "timeShow": "2016-05-24 09:51:49",
      "taskStatus": "1",
      "address": "4",
      "handleUser": "TEST720222843",
      "gender": "1",
      "custName": "2",
      "custStatus": null,
      "custMobile": "15844586985",
      "orderId": "20160523_310100060_00_312402",
      "isRead": "已读"
    },
    {
      "handUserName": "抵押专员051601",
      "taskId": "0-9d215948-20b0-11e6-9990-06c72c001369",
      "stageName": "RC任务分派(买卖合同)",
      "cityId": "310100",
      "RN": 8,
      "appointDate": "2016-05-23",
      "productType": "1",
      "appointTime": "11:00:00",
      "stageId": "TaskAssign",
      "timeShow": "2016-05-24 09:51:49",
      "taskStatus": "1",
      "address": "4",
      "handleUser": "",
      "gender": "1",
      "custName": "2",
      "custStatus": null,
      "custMobile": "15844586985",
      "orderId": "20160523_310100060_00_312402",
      "isRead": "已读"
    }
  ],
  "flag": 1,
  "msg": "操作成功",
  "time": 1464054709891
}