{
  "data":  [
    {
      "isRead": "0",
      "msgId": "1109",
      "time": "2016-06-01",
      "msgName": "猪嘛？",
      "msgType": "3"
    },
    {
      "isRead": "0",
      "msgId": "1109",
      "time": "2016-06-01",
      "msgName": "你是猪头嘛",
      "msgType": "3"
    }  ,
    {
      "isRead": "0",
      "msgId": "119",
      "time": "2016-06-01",
      "msgName": "daf fda ",
      "msgType": "3"
    },
    {
      "isRead": "String isRead",
      "msgId": "1121",
      "time": "2016-06-01",
      "msgName": "xxxxxxx351512xxxxxxx",
      "msgType": "2"
    },
    {
      "isRead": "String isRead",
      "msgId": "9",
      "time": "2016-06-01",
      "msgName": "标题标题",
      "msgType": "2"
    },
    {
      "isRead": "1",
      "msgId": "10",
      "time": "2016-06-01",
      "msgName": "String String 标题标题",
      "msgType": "3"
    },
    {
      "isRead": "String isRead",
      "msgId": "15",
      "time": "2016-06-01",
      "msgName": "xxxxxxxxxxxxxx",
      "msgType": "2"
    },
    {
      "isRead": "1",
      "msgId": "16",
      "time": "2016-06-01",
      "msgName": "String String 标题标题",
      "msgType": "3"
    },
    {
      "isRead": "String isRead",
      "msgId": "11",
      "time": "2016-06-01",
      "msgName": "xxxxxxxxxxxxxxxxxxx",
      "msgType": "2"
    },
    {
      "isRead": "String isRead",
      "msgId": "12",
      "time": "2016-06-01",
      "msgName": "xxxxxxxxxxxxxx",
      "msgType": "2"
    },
    {
      "isRead": "1",
      "msgId": "13",
      "time": "2016-06-01",
      "msgName": "String String 标题标题",
      "msgType": "3"
    },
    {
      "isRead": "String isRead",
      "msgId": "14",
      "time": "2016-06-01",
      "msgName": "xxxxxxxxxxxxxxxxxxx",
      "msgType": "2"
    }
    ],
  "flag": 1,
  "msg": "操作成功"
}