{
  "data": [
    {
      "handUserName": "7085",
      "taskId": "0-8dad4877-167f-11e6-8c1f-060b1a00136a",
      "stageName": "RC任务分派(买卖合同)",
      "cityId": "310100",
      "RN": 1,
      "appointDate": "2016-05-10",
      "productType": "1",
      "appointTime": "10:00:00",
      "stageId": "TaskAssign",
      "taskStatus": "3",
      "address": "3",
      "handleUser": "TEST720085890",
      "gender": "1",
      "custName": "test2",
      "custMobile": "15655454535",
      "orderId": "20160510_310100057_00_311135",
      "isRead": "已读"
    },
    {
      "handUserName": "7085",
      "taskId": "0-8dad4877-167f-11e6-8c1f-060b1a00136a",
      "stageName": "RC任务分派(买卖合同)",
      "cityId": "310100",
      "RN": 2,
      "appointDate": "2016-05-10",
      "productType": "1",
      "appointTime": "15:20:00",
      "stageId": "TaskAssign",
      "taskStatus": "3",
      "address": "3",
      "handleUser": "TEST720085890",
      "gender": "1",
      "custName": "test2",
      "custMobile": "15655454535",
      "orderId": "20160510_310100057_00_311135",
      "isRead": "已读"
    },
    {
      "handUserName": "7085",
      "taskId": "0-97af906a-174b-11e6-b587-06c72c001369",
      "stageName": "RC任务分派(买卖合同)",
      "cityId": "310100",
      "RN": 3,
      "appointDate": "2016-05-11",
      "productType": "1",
      "appointTime": "15:30:00",
      "stageId": "TaskAssign",
      "taskStatus": "3",
      "address": "3",
      "handleUser": "TEST720085890",
      "gender": "1",
      "custName": "test2",
      "custMobile": "15655454535",
      "orderId": "20160511_310100001_00_311172",
      "isRead": "已读"
    },
    {
      "handUserName": "7085",
      "taskId": "0-2a2d8156-174b-11e6-b587-06c72c001369",
      "stageName": "RC任务分派(买卖合同)",
      "cityId": "310100",
      "RN": 4,
      "appointDate": "2016-05-11",
      "productType": "1",
      "appointTime": "15:50:00",
      "stageId": "TaskAssign",
      "taskStatus": "3",
      "address": "是都发生过",
      "handleUser": "TEST720085890",
      "gender": "1",
      "custName": "悟空",
      "custMobile": "13640124013",
      "orderId": "20160511_310100001_00_311171",
      "isRead": "已读"
    },
    {
      "handUserName": "7085",
      "taskId": "0-2f4793f4-1763-11e6-afaf-060b1a00136a",
      "stageName": "RC任务分派(买卖合同)",
      "cityId": "310100",
      "RN": 5,
      "appointDate": "2016-05-11",
      "productType": "1",
      "appointTime": "18:20:00",
      "stageId": "TaskAssign",
      "taskStatus": "3",
      "address": "3",
      "handleUser": "TEST720085890",
      "gender": "1",
      "custName": "test2",
      "custMobile": "15655454535",
      "orderId": "20160511_310100001_00_311329",
      "isRead": "已读"
    },
    {
      "handUserName": "7085",
      "taskId": "0-1f765a55-1763-11e6-8423-06c72c001369",
      "stageName": "RC任务分派(买卖合同)",
      "cityId": "310100",
      "RN": 6,
      "appointDate": "2016-05-11",
      "productType": "1",
      "appointTime": "18:20:00",
      "stageId": "TaskAssign",
      "taskStatus": "3",
      "address": "3",
      "handleUser": "TEST720085890",
      "gender": "1",
      "custName": "test2",
      "custMobile": "15655454535",
      "orderId": "20160511_310100001_00_311331",
      "isRead": "已读"
    },
    {
      "handUserName": "7085",
      "taskId": "0-67b57d9a-1762-11e6-afaf-060b1a00136a",
      "stageName": "RC任务分派(买卖合同)",
      "cityId": "310100",
      "RN": 7,
      "appointDate": "2016-05-11",
      "productType": "1",
      "appointTime": "18:20:00",
      "stageId": "TaskAssign",
      "taskStatus": "3",
      "address": "3",
      "handleUser": "TEST720085890",
      "gender": "1",
      "custName": "test2",
      "custMobile": "15655454535",
      "orderId": "20160511_310100001_00_311273",
      "isRead": "已读"
    },
    {
      "handUserName": "7085",
      "taskId": "0-aee81d1f-1762-11e6-8423-06c72c001369",
      "stageName": "RC任务分派(买卖合同)",
      "cityId": "310100",
      "RN": 8,
      "appointDate": "2016-05-11",
      "productType": "1",
      "appointTime": "18:20:00",
      "stageId": "TaskAssign",
      "taskStatus": "3",
      "address": "3",
      "handleUser": "TEST720085890",
      "gender": "1",
      "custName": "test2",
      "custMobile": "15655454535",
      "orderId": "20160511_310100001_00_311301",
      "isRead": "已读"
    },
    {
      "handUserName": "7085",
      "taskId": "0-172abfab-1762-11e6-8423-06c72c001369",
      "stageName": "RC任务分派(买卖合同)",
      "cityId": "310100",
      "RN": 9,
      "appointDate": "2016-05-11",
      "productType": "1",
      "appointTime": "18:20:00",
      "stageId": "TaskAssign",
      "taskStatus": "3",
      "address": "3",
      "handleUser": "TEST720085890",
      "gender": "1",
      "custName": "test2",
      "custMobile": "15655454535",
      "orderId": "20160511_310100001_00_311274",
      "isRead": "已读"
    },
    {
      "handUserName": "7085",
      "taskId": "0-76362665-1763-11e6-8423-06c72c001369",
      "stageName": "RC任务分派(买卖合同)",
      "cityId": "310100",
      "RN": 10,
      "appointDate": "2016-05-11",
      "productType": "1",
      "appointTime": "18:30:00",
      "stageId": "TaskAssign",
      "taskStatus": "3",
      "address": "3",
      "handleUser": "TEST720085890",
      "gender": "1",
      "custName": "test2",
      "custMobile": "15655454535",
      "orderId": "20160511_310100001_00_311339",
      "isRead": "已读"
    },
    {
      "handUserName": "7085",
      "taskId": "0-b3fe8954-1764-11e6-afaf-060b1a00136a",
      "stageName": "RC任务分派(买卖合同)",
      "cityId": "310100",
      "RN": 11,
      "appointDate": "2016-05-11",
      "productType": "1",
      "appointTime": "18:30:00",
      "stageId": "TaskAssign",
      "taskStatus": "3",
      "address": "3",
      "handleUser": "TEST720085890",
      "gender": "1",
      "custName": "test2",
      "custMobile": "15655454535",
      "orderId": "20160511_310100001_00_311200",
      "isRead": "已读"
    },
    {
      "handUserName": "7085",
      "taskId": "0-cec1899c-1763-11e6-8423-06c72c001369",
      "stageName": "RC任务分派(买卖合同)",
      "cityId": "310100",
      "RN": 12,
      "appointDate": "2016-05-11",
      "productType": "1",
      "appointTime": "18:30:00",
      "stageId": "TaskAssign",
      "taskStatus": "3",
      "address": "3",
      "handleUser": "TEST720085890",
      "gender": "1",
      "custName": "test2",
      "custMobile": "15655454535",
      "orderId": "20160511_310100001_00_311350",
      "isRead": "已读"
    },
    {
      "handUserName": "7085",
      "taskId": "0-958c26f0-1763-11e6-afaf-060b1a00136a",
      "stageName": "RC任务分派(买卖合同)",
      "cityId": "310100",
      "RN": 13,
      "appointDate": "2016-05-11",
      "productType": "1",
      "appointTime": "18:30:00",
      "stageId": "TaskAssign",
      "taskStatus": "3",
      "address": "3",
      "handleUser": "TEST720085890",
      "gender": "1",
      "custName": "test2",
      "custMobile": "15655454535",
      "orderId": "20160511_310100001_00_311359",
      "isRead": "已读"
    },
    {
      "handUserName": "7085",
      "taskId": "0-b79df6b4-1764-11e6-8423-06c72c001369",
      "stageName": "RC任务分派(买卖合同)",
      "cityId": "310100",
      "RN": 14,
      "appointDate": "2016-05-11",
      "productType": "1",
      "appointTime": "18:30:00",
      "stageId": "TaskAssign",
      "taskStatus": "3",
      "address": "3",
      "handleUser": "TEST720085890",
      "gender": "1",
      "custName": "test2",
      "custMobile": "15655454535",
      "orderId": "20160511_310100001_00_311347",
      "isRead": "已读"
    },
    {
      "handUserName": "7085",
      "taskId": "0-523bae0f-1764-11e6-8423-06c72c001369",
      "stageName": "RC任务分派(买卖合同)",
      "cityId": "310100",
      "RN": 15,
      "appointDate": "2016-05-11",
      "productType": "1",
      "appointTime": "18:30:00",
      "stageId": "TaskAssign",
      "taskStatus": "3",
      "address": "3",
      "handleUser": "TEST720085890",
      "gender": "1",
      "custName": "test2",
      "custMobile": "15655454535",
      "orderId": "20160511_310100001_00_311320",
      "isRead": "已读"
    },
    {
      "handUserName": "7085",
      "taskId": "0-69b92b08-1764-11e6-afaf-060b1a00136a",
      "stageName": "RC任务分派(买卖合同)",
      "cityId": "310100",
      "RN": 16,
      "appointDate": "2016-05-11",
      "productType": "1",
      "appointTime": "18:30:00",
      "stageId": "TaskAssign",
      "taskStatus": "3",
      "address": "3",
      "handleUser": "TEST720085890",
      "gender": "1",
      "custName": "test2",
      "custMobile": "15655454535",
      "orderId": "20160511_310100001_00_311256",
      "isRead": "已读"
    },
    {
      "handUserName": "7085",
      "taskId": "0-0724a7bc-1764-11e6-afaf-060b1a00136a",
      "stageName": "RC任务分派(买卖合同)",
      "cityId": "310100",
      "RN": 17,
      "appointDate": "2016-05-11",
      "productType": "1",
      "appointTime": "18:30:00",
      "stageId": "TaskAssign",
      "taskStatus": "3",
      "address": "3",
      "handleUser": "TEST720085890",
      "gender": "1",
      "custName": "test2",
      "custMobile": "15655454535",
      "orderId": "20160511_310100001_00_311263",
      "isRead": "已读"
    },
    {
      "handUserName": "7085",
      "taskId": "0-653645d9-1765-11e6-8423-06c72c001369",
      "stageName": "RC任务分派(买卖合同)",
      "cityId": "310100",
      "RN": 18,
      "appointDate": "2016-05-11",
      "productType": "1",
      "appointTime": "18:40:00",
      "stageId": "TaskAssign",
      "taskStatus": "3",
      "address": "3",
      "handleUser": "TEST720085890",
      "gender": "1",
      "custName": "test2",
      "custMobile": "15655454535",
      "orderId": "20160511_310100001_00_311265",
      "isRead": "已读"
    },
    {
      "handUserName": "7085",
      "taskId": "0-0e470648-1765-11e6-8423-06c72c001369",
      "stageName": "RC任务分派(买卖合同)",
      "cityId": "310100",
      "RN": 19,
      "appointDate": "2016-05-11",
      "productType": "1",
      "appointTime": "18:40:00",
      "stageId": "TaskAssign",
      "taskStatus": "3",
      "address": "3",
      "handleUser": "TEST720085890",
      "gender": "1",
      "custName": "test2",
      "custMobile": "15655454535",
      "orderId": "20160511_310100001_00_311310",
      "isRead": "已读"
    },
    {
      "handUserName": "7085",
      "taskId": "0-c2e17579-1765-11e6-8423-06c72c001369",
      "stageName": "RC任务分派(买卖合同)",
      "cityId": "310100",
      "RN": 20,
      "appointDate": "2016-05-11",
      "productType": "1",
      "appointTime": "18:40:00",
      "stageId": "TaskAssign",
      "taskStatus": "3",
      "address": "3",
      "handleUser": "TEST720085890",
      "gender": "1",
      "custName": "test2",
      "custMobile": "15655454535",
      "orderId": "20160511_310100001_00_311264",
      "isRead": "已读"
    }
  ],
  "flag": 1,
  "msg": "操作成功"
}