{
    "data": {
        "handleUser": "张三",
        "handleUserUm": "UM123456",
        "dispatchDate": "2016年3月2日",
        "completeDate": "2016年3月3日",
        "appointInfo": [{
            "stageId": "1",
            "havaAppointTime": "1",
            "appointDate": "3月1日",
            "appointTime": "17:36",
            "step": "1"
        }, {
            "stageId": "2",
            "havaAppointTime": "0",
            "appointDate": "3月2日",
            "appointTime": "17:46",
            "step": "1"
        }, {
            "stageId": "3",
            "havaAppointTime": "0",
            "appointDate": "3月3日",
            "appointTime": "17:46",
            "step": "1"
        }, {
            "stageId": "4",
            "havaAppointTime": "1",
            "appointDate": "3月4日",
            "appointTime": "17:46",
            "step": "1"
        }],
        "detail": {
            "step": "1",
            "orderId": "000001",
            "orderType": "er",
            "stageId": "1",
            "custName": "张三",
            "gender": "0",
            "custMobile": "13800000000",
            "isBack": "1",
            "taskStatus": "进行中",
            "imgCount": "4",
            "address": "浦东房管局",
            "houseOwner": "苍小空",
            "applno": "DY20160229000123",
            "mortgage": "无抵押",
            "amenities": "不带车位或花园",
            "lendingWay": "他证放款",
            "creditLine": "1550000"
        },
        "fileInfo": [{
            "stageId": "1",
            "fileId": "xxxxxx",
            "fileUrl": "https://ss0.bdstatic.com/94oJfD_bAAcT8t7mm9GUKT-xh_/timg?image&quality=100&size=b4000_4000&sec=1461845939&di=992e24911ca80701d40b919b00b30339&src=http://pic73.nipic.com/file/20150722/17488920_100307262518_2.jpg",
            "fileType": "图片名称"
        }, {
            "stageId": "1",
            "fileId": "xxxxxx",
            "fileUrl": "https://ss0.bdstatic.com/94oJfD_bAAcT8t7mm9GUKT-xh_/timg?image&quality=100&size=b4000_4000&sec=1461845939&di=992e24911ca80701d40b919b00b30339&src=http://pic73.nipic.com/file/20150722/17488920_100307262518_2.jpg",
            "fileType": "图片名称"
        }, {
            "stageId": "1",
            "fileId": "xxxxxx",
            "fileUrl": "https://ss0.bdstatic.com/94oJfD_bAAcT8t7mm9GUKT-xh_/timg?image&quality=100&size=b4000_4000&sec=1461845939&di=992e24911ca80701d40b919b00b30339&src=http://pic73.nipic.com/file/20150722/17488920_100307262518_2.jpg",
            "fileType": "图片名称"
        }, {
            "stageId": "1",
            "fileId": "xxxxxx",
            "fileUrl": "https://ss0.bdstatic.com/94oJfD_bAAcT8t7mm9GUKT-xh_/timg?image&quality=100&size=b4000_4000&sec=1461845939&di=992e24911ca80701d40b919b00b30339&src=http://pic73.nipic.com/file/20150722/17488920_100307262518_2.jpg",
            "fileType": "图片名称"
        }, {
            "stageId": "1",
            "fileId": "xxxxxx",
            "fileUrl": "https://ss0.bdstatic.com/94oJfD_bAAcT8t7mm9GUKT-xh_/timg?image&quality=100&size=b4000_4000&sec=1461845939&di=992e24911ca80701d40b919b00b30339&src=http://pic73.nipic.com/file/20150722/17488920_100307262518_2.jpg",
            "fileType": "图片名称"
        }],
        "stageInfo": [{
            "stageId": "1",
            "stageName": "等待客户",
            "stageStatus": "N",
            "weight": "1",
            "buttonName": "客户到达"
        }, {
            "stageId": "2",
            "stageName": "客户到达",
            "stageStatus": "N",
            "weight": "1",
            "buttonName": "客户到达"
        }, {
            "stageId": "3",
            "stageName": "核价",
            "stageStatus": "N",
            "weight": "2",
            "buttonName": "客户到达"
        }, {
            "stageId": "4",
            "stageName": "查询限购",
            "stageStatus": "N",
            "weight": "2",
            "buttonName": "客户到达"
        }, {
            "stageId": "5",
            "stageName": "审阅",
            "stageStatus": "N",
            "weight": "1",
            "buttonName": "客户到达"
        }, {
            "stageId": "6",
            "stageName": "审阅",
            "stageStatus": "N",
            "weight": "2",
            "buttonName": "客户到达"
        }, {
            "stageId": "7",
            "stageName": "审阅",
            "stageStatus": "N",
            "weight": "1",
            "buttonName": "客户到达"
        }],
        "fileConfig": [{
            "taskId": "00001",
            "stageId": "1",
            "fileType": "产调",
            "fileCount": "5",
            "isNeed": "1"
        }]
    },
    "flag": 1,
    "msg": "请求成功"
}
