{
    "data": [
        {
            "roUserId": "um1111111",
            "userName": "李欣1",
            "taskCount": "7",
            "stageTime": "2014.11",
            "handleFlag": "0"
        },
        {
            "roUserId": "um222222222",
            "userName": "李欣2",
            "taskCount": "0",
            "stageTime": "2014.11",
            "handleFlag": "0"
        },
        {
            "roUserId": "um333",
            "userName": "李欣3",
            "taskCount": "3",
            "stageTime": "2014.11",
            "handleFlag": "0"
        },
        {
            "roUserId": "um333",
            "userName": "李欣3",
            "taskCount": "3",
            "stageTime": "2014.11",
            "handleFlag": "0"
        },
        {
            "roUserId": "um333",
            "userName": "李欣3",
            "taskCount": "3",
            "stageTime": "2014.11",
            "handleFlag": "0"
        },
        {
            "roUserId": "um333",
            "userName": "李欣3",
            "taskCount": "3",
            "stageTime": "2014.11",
            "handleFlag": "0"
        }
    ],

    "flag": 1,
    "msg": ""
}