{
  "hours": [
    {
      "value": "0点 "
    },
    {
      "value": "1点 "
    },
    {
      "value": "2点 "
    },
    {
      "value": "3点 "
    },
    {
      "value": "4点 "
    },
    {
      "value": "5点 "
    },
    {
      "value": "6点 "
    },
    {
      "value": "7点 "
    },
    {
      "value": "8点 "
    },
    {
      "value": "9点 "
    },
    {
      "value": "10点 "
    },
    {
      "value": "11点 "
    },
    {
      "value": "12点 "
    },
    {
      "value": "13点 "
    },
    {
      "value": "14点 "
    },
    {
      "value": "15点 "
    },
    {
      "value": "16点 "
    },
    {
      "value": "17点 "
    },
    {
      "value": "18点 "
    },
    {
      "value": "19点 "
    },
    {
      "value": "20点 "
    },
    {
      "value": "21点 "
    },
    {
      "value": "22点 "
    },
    {
      "value": "23点 "
    }
  ],
  "minutes": [
    {
      "value": "00分"
    },
    {
      "value": "30分"
    }
  ],
  "seconds": [
    {
      "second": "0秒"
    },
    {
      "second": "1秒"
    },
    {
      "second": "2秒"
    },
    {
      "second": "3秒"
    },
    {
      "second": "4秒"
    },
    {
      "second": "5秒"
    },
    {
      "second": "6秒"
    }
  ],
  "reason": [
    {
      "value": "1.1客户忘记密码或未携带密码纸"
    },
    {
      "value": " 1.2系统信息与产调信息有差异"
    },
    {
      "value": " 1.3抵押房产权利人未到齐"
    },
    {
      "value": " 1.4材料缺失或合同中有错误（如客服同事合同填写有错误且抵押专员无备用合同）"
    },
    {
      "value": " 1.5抵押房产有网签合同（客户表示愿意撤销）"
    },
    {
      "value": " 1.6产调发现该抵押房产存在未告知的抵押（客户表示愿意撤销）"
    },
    {
      "value": "  1.7抵押房产有租赁信息并未再系统中填写（客户表示原意撤销）"
    },
    {
      "value": " 其他"
    }
  ],
  "flag": "1",
  "msg": 1
}