{
    "flag": "1",
    "data": {
        "houseCity": "",
        "anotherInputFlag": "1",
        "anotherInputMobile": "13259771142",
        "anotherInputSubmitMark": 1,
        "submitMark": "",
//        "isOnlineCredit": "Y",
        "scanUploadMark": "Y",
        "onlineCreditCheckStatus": "00",
        "orderInfo": {
            "orderId": "orderId4839845785405343",
            "orderNo": "FD2019347645854",
            "barcode": "KB0004958239411133",
            "clientName": "胡赫"
        },
        "rateInfo": {
            "identityCheckRate": 10,
            "mainBorrowerRate": 20,
            "spouseRate": 20,
            "partnerRate": 10,
            "guarantorRate": 20,
            "collateralRate": 10,
            "loanRate": 0
        }
    },
    "msg": "需手动更改数据"
}
