{
    "flag":"1",
    "data":{
        "orderInfo":{
            "loanVariety":"1",
            "barcode":"KB018239123123",
            "orderNo":"12312341234134",
            "interviewType":"001",
            "createdTime":"2017-09-01",
            "clientName":"张三",
            "mobile":"13723424121",
            "orderStatus": "1"
        },
        "bankLastAuditInfo":{
            "auditResult":"010",
            "auditAmount":"100000",
            "auditDeadline":"2",
            "auditRate":"0.05665",
            "repaymentType":"1",
            "bankManagerUm":"zashangping001",
            "bankManagerMobile":"13723424121"
        },
        "bankLoanInfo":{
            "loanAuditAmount":200000,
            "loanAuditDeadline":2,
            "loanAuditRate":0.0539,
            "loanRepaymentType":"2"
        },
        "collateralInfoList":[{
            "houseKinds":"12",
            "houseProvince":"110000/北京市",
            "houseCity":"110100/北京市",
            "houseCounty":"000046/北京技术开发区",
            "houseAddress":"岗厦",
            "houseArea": "123.5"
        }],
        "loanInfo":{
            "loanVariety":"1",
            "loanPlan":"1",
            "referralName":"张三",
            "agencyName":"中介有限公司",
            "storeName":"办公厅",
            "bizApplyAmount": "12323",
            "publicReserveApplyAmount": "13989"
        },
        "inquiryTipInfo":{
            "evaluationCompanyName":"张三丰",
            "evaluationCompanyContacts":"晓超",
            "evaluationCompanyMobile":"13722222222"
        }
    },
    "msg":""
}
