{
    "data": {
        "imgInfoList": [
            {
            "kbType": "BK10",
            "imgUrls": "https://ss0.bdstatic.com/94oJfD_bAAcT8t7mm9GUKT-xh_/timg?image&quality=100&size=b4000_4000&sec=1506411050&di=5231633905a929081a521a615a89341d&src=http://www.zhlzw.com/UploadFiles/Article_UploadFiles/201204/20120412123914329.jpg,https://ss0.bdstatic.com/94oJfD_bAAcT8t7mm9GUKT-xh_/timg?image&quality=100&size=b4000_4000&sec=1506411050&di=5231633905a929081a521a615a89341d&src=http://www.zhlzw.com/UploadFiles/Article_UploadFiles/201204/20120412123914329.jpg,https://ss0.bdstatic.com/94oJfD_bAAcT8t7mm9GUKT-xh_/timg?image&quality=100&size=b4000_4000&sec=1506411050&di=5231633905a929081a521a615a89341d&src=http://www.zhlzw.com/UploadFiles/Article_UploadFiles/201204/20120412123914329.jpg"
            },
            {
                "kbType": "BK20",
                "imgUrls": "https://ss0.bdstatic.com/94oJfD_bAAcT8t7mm9GUKT-xh_/timg?image&quality=100&size=b4000_4000&sec=1506411050&di=5231633905a929081a521a615a89341d&src=http://www.zhlzw.com/UploadFiles/Article_UploadFiles/201204/20120412123914329.jpg,https://ss0.bdstatic.com/94oJfD_bAAcT8t7mm9GUKT-xh_/timg?image&quality=100&size=b4000_4000&sec=1506411050&di=5231633905a929081a521a615a89341d&src=http://www.zhlzw.com/UploadFiles/Article_UploadFiles/201204/20120412123914329.jpg,https://ss0.bdstatic.com/94oJfD_bAAcT8t7mm9GUKT-xh_/timg?image&quality=100&size=b4000_4000&sec=1506411050&di=5231633905a929081a521a615a89341d&src=http://www.zhlzw.com/UploadFiles/Article_UploadFiles/201204/20120412123914329.jpg,https://ss0.bdstatic.com/94oJfD_bAAcT8t7mm9GUKT-xh_/timg?image&quality=100&size=b4000_4000&sec=1506411050&di=5231633905a929081a521a615a89341d&src=http://www.zhlzw.com/UploadFiles/Article_UploadFiles/201204/20120412123914329.jpg,https://ss0.bdstatic.com/94oJfD_bAAcT8t7mm9GUKT-xh_/timg?image&quality=100&size=b4000_4000&sec=1506411050&di=5231633905a929081a521a615a89341d&src=http://www.zhlzw.com/UploadFiles/Article_UploadFiles/201204/20120412123914329.jpg,https://ss0.bdstatic.com/94oJfD_bAAcT8t7mm9GUKT-xh_/timg?image&quality=100&size=b4000_4000&sec=1506411050&di=5231633905a929081a521a615a89341d&src=http://www.zhlzw.com/UploadFiles/Article_UploadFiles/201204/20120412123914329.jpg"
            },
            {
                "kbType": "BK40",
                "imgUrls": "https://ss0.bdstatic.com/94oJfD_bAAcT8t7mm9GUKT-xh_/timg?image&quality=100&size=b4000_4000&sec=1506411050&di=5231633905a929081a521a615a89341d&src=http://www.zhlzw.com/UploadFiles/Article_UploadFiles/201204/20120412123914329.jpg,https://ss0.bdstatic.com/94oJfD_bAAcT8t7mm9GUKT-xh_/timg?image&quality=100&size=b4000_4000&sec=1506411050&di=5231633905a929081a521a615a89341d&src=http://www.zhlzw.com/UploadFiles/Article_UploadFiles/201204/20120412123914329.jpg,https://ss0.bdstatic.com/94oJfD_bAAcT8t7mm9GUKT-xh_/timg?image&quality=100&size=b4000_4000&sec=1506411050&di=5231633905a929081a521a615a89341d&src=http://www.zhlzw.com/UploadFiles/Article_UploadFiles/201204/20120412123914329.jpg,https://ss0.bdstatic.com/94oJfD_bAAcT8t7mm9GUKT-xh_/timg?image&quality=100&size=b4000_4000&sec=1506411050&di=5231633905a929081a521a615a89341d&src=http://www.zhlzw.com/UploadFiles/Article_UploadFiles/201204/20120412123914329.jpg,https://ss0.bdstatic.com/94oJfD_bAAcT8t7mm9GUKT-xh_/timg?image&quality=100&size=b4000_4000&sec=1506411050&di=5231633905a929081a521a615a89341d&src=http://www.zhlzw.com/UploadFiles/Article_UploadFiles/201204/20120412123914329.jpg,https://ss0.bdstatic.com/94oJfD_bAAcT8t7mm9GUKT-xh_/timg?image&quality=100&size=b4000_4000&sec=1506411050&di=5231633905a929081a521a615a89341d&src=http://www.zhlzw.com/UploadFiles/Article_UploadFiles/201204/20120412123914329.jpg,https://ss0.bdstatic.com/94oJfD_bAAcT8t7mm9GUKT-xh_/timg?image&quality=100&size=b4000_4000&sec=1506411050&di=5231633905a929081a521a615a89341d&src=http://www.zhlzw.com/UploadFiles/Article_UploadFiles/201204/20120412123914329.jpg,https://ss0.bdstatic.com/94oJfD_bAAcT8t7mm9GUKT-xh_/timg?image&quality=100&size=b4000_4000&sec=1506411050&di=5231633905a929081a521a615a89341d&src=http://www.zhlzw.com/UploadFiles/Article_UploadFiles/201204/20120412123914329.jpg,https://ss0.bdstatic.com/94oJfD_bAAcT8t7mm9GUKT-xh_/timg?image&quality=100&size=b4000_4000&sec=1506411050&di=5231633905a929081a521a615a89341d&src=http://www.zhlzw.com/UploadFiles/Article_UploadFiles/201204/20120412123914329.jpg,https://ss0.bdstatic.com/94oJfD_bAAcT8t7mm9GUKT-xh_/timg?image&quality=100&size=b4000_4000&sec=1506411050&di=5231633905a929081a521a615a89341d&src=http://www.zhlzw.com/UploadFiles/Article_UploadFiles/201204/20120412123914329.jpg,https://ss0.bdstatic.com/94oJfD_bAAcT8t7mm9GUKT-xh_/timg?image&quality=100&size=b4000_4000&sec=1506411050&di=5231633905a929081a521a615a89341d&src=http://www.zhlzw.com/UploadFiles/Article_UploadFiles/201204/20120412123914329.jpg,https://ss0.bdstatic.com/94oJfD_bAAcT8t7mm9GUKT-xh_/timg?image&quality=100&size=b4000_4000&sec=1506411050&di=5231633905a929081a521a615a89341d&src=http://www.zhlzw.com/UploadFiles/Article_UploadFiles/201204/20120412123914329.jpg,https://ss0.bdstatic.com/94oJfD_bAAcT8t7mm9GUKT-xh_/timg?image&quality=100&size=b4000_4000&sec=1506411050&di=5231633905a929081a521a615a89341d&src=http://www.zhlzw.com/UploadFiles/Article_UploadFiles/201204/20120412123914329.jpg,https://ss0.bdstatic.com/94oJfD_bAAcT8t7mm9GUKT-xh_/timg?image&quality=100&size=b4000_4000&sec=1506411050&di=5231633905a929081a521a615a89341d&src=http://www.zhlzw.com/UploadFiles/Article_UploadFiles/201204/20120412123914329.jpg,https://ss0.bdstatic.com/94oJfD_bAAcT8t7mm9GUKT-xh_/timg?image&quality=100&size=b4000_4000&sec=1506411050&di=5231633905a929081a521a615a89341d&src=http://www.zhlzw.com/UploadFiles/Article_UploadFiles/201204/20120412123914329.jpg,https://ss0.bdstatic.com/94oJfD_bAAcT8t7mm9GUKT-xh_/timg?image&quality=100&size=b4000_4000&sec=1506411050&di=5231633905a929081a521a615a89341d&src=http://www.zhlzw.com/UploadFiles/Article_UploadFiles/201204/20120412123914329.jpg,https://ss0.bdstatic.com/94oJfD_bAAcT8t7mm9GUKT-xh_/timg?image&quality=100&size=b4000_4000&sec=1506411050&di=5231633905a929081a521a615a89341d&src=http://www.zhlzw.com/UploadFiles/Article_UploadFiles/201204/20120412123914329.jpg,https://ss0.bdstatic.com/94oJfD_bAAcT8t7mm9GUKT-xh_/timg?image&quality=100&size=b4000_4000&sec=1506411050&di=5231633905a929081a521a615a89341d&src=http://www.zhlzw.com/UploadFiles/Article_UploadFiles/201204/20120412123914329.jpg,https://ss0.bdstatic.com/94oJfD_bAAcT8t7mm9GUKT-xh_/timg?image&quality=100&size=b4000_4000&sec=1506411050&di=5231633905a929081a521a615a89341d&src=http://www.zhlzw.com/UploadFiles/Article_UploadFiles/201204/20120412123914329.jpg,https://ss0.bdstatic.com/94oJfD_bAAcT8t7mm9GUKT-xh_/timg?image&quality=100&size=b4000_4000&sec=1506411050&di=5231633905a929081a521a615a89341d&src=http://www.zhlzw.com/UploadFiles/Article_UploadFiles/201204/20120412123914329.jpg,https://ss0.bdstatic.com/94oJfD_bAAcT8t7mm9GUKT-xh_/timg?image&quality=100&size=b4000_4000&sec=1506411050&di=5231633905a929081a521a615a89341d&src=http://www.zhlzw.com/UploadFiles/Article_UploadFiles/201204/20120412123914329.jpg,https://ss0.bdstatic.com/94oJfD_bAAcT8t7mm9GUKT-xh_/timg?image&quality=100&size=b4000_4000&sec=1506411050&di=5231633905a929081a521a615a89341d&src=http://www.zhlzw.com/UploadFiles/Article_UploadFiles/201204/20120412123914329.jpg,https://ss0.bdstatic.com/94oJfD_bAAcT8t7mm9GUKT-xh_/timg?image&quality=100&size=b4000_4000&sec=1506411050&di=5231633905a929081a521a615a89341d&src=http://www.zhlzw.com/UploadFiles/Article_UploadFiles/201204/20120412123914329.jpg,https://ss0.bdstatic.com/94oJfD_bAAcT8t7mm9GUKT-xh_/timg?image&quality=100&size=b4000_4000&sec=1506411050&di=5231633905a929081a521a615a89341d&src=http://www.zhlzw.com/UploadFiles/Article_UploadFiles/201204/20120412123914329.jpg,https://ss0.bdstatic.com/94oJfD_bAAcT8t7mm9GUKT-xh_/timg?image&quality=100&size=b4000_4000&sec=1506411050&di=5231633905a929081a521a615a89341d&src=http://www.zhlzw.com/UploadFiles/Article_UploadFiles/201204/20120412123914329.jpg,https://ss0.bdstatic.com/94oJfD_bAAcT8t7mm9GUKT-xh_/timg?image&quality=100&size=b4000_4000&sec=1506411050&di=5231633905a929081a521a615a89341d&src=http://www.zhlzw.com/UploadFiles/Article_UploadFiles/201204/20120412123914329.jpg,https://ss0.bdstatic.com/94oJfD_bAAcT8t7mm9GUKT-xh_/timg?image&quality=100&size=b4000_4000&sec=1506411050&di=5231633905a929081a521a615a89341d&src=http://www.zhlzw.com/UploadFiles/Article_UploadFiles/201204/20120412123914329.jpg,https://ss0.bdstatic.com/94oJfD_bAAcT8t7mm9GUKT-xh_/timg?image&quality=100&size=b4000_4000&sec=1506411050&di=5231633905a929081a521a615a89341d&src=http://www.zhlzw.com/UploadFiles/Article_UploadFiles/201204/20120412123914329.jpg,https://ss0.bdstatic.com/94oJfD_bAAcT8t7mm9GUKT-xh_/timg?image&quality=100&size=b4000_4000&sec=1506411050&di=5231633905a929081a521a615a89341d&src=http://www.zhlzw.com/UploadFiles/Article_UploadFiles/201204/20120412123914329.jpg,https://ss0.bdstatic.com/94oJfD_bAAcT8t7mm9GUKT-xh_/timg?image&quality=100&size=b4000_4000&sec=1506411050&di=5231633905a929081a521a615a89341d&src=http://www.zhlzw.com/UploadFiles/Article_UploadFiles/201204/20120412123914329.jpg,https://ss0.bdstatic.com/94oJfD_bAAcT8t7mm9GUKT-xh_/timg?image&quality=100&size=b4000_4000&sec=1506411050&di=5231633905a929081a521a615a89341d&src=http://www.zhlzw.com/UploadFiles/Article_UploadFiles/201204/20120412123914329.jpg,https://ss0.bdstatic.com/94oJfD_bAAcT8t7mm9GUKT-xh_/timg?image&quality=100&size=b4000_4000&sec=1506411050&di=5231633905a929081a521a615a89341d&src=http://www.zhlzw.com/UploadFiles/Article_UploadFiles/201204/20120412123914329.jpg,https://ss0.bdstatic.com/94oJfD_bAAcT8t7mm9GUKT-xh_/timg?image&quality=100&size=b4000_4000&sec=1506411050&di=5231633905a929081a521a615a89341d&src=http://www.zhlzw.com/UploadFiles/Article_UploadFiles/201204/20120412123914329.jpg,https://ss0.bdstatic.com/94oJfD_bAAcT8t7mm9GUKT-xh_/timg?image&quality=100&size=b4000_4000&sec=1506411050&di=5231633905a929081a521a615a89341d&src=http://www.zhlzw.com/UploadFiles/Article_UploadFiles/201204/20120412123914329.jpg,https://ss0.bdstatic.com/94oJfD_bAAcT8t7mm9GUKT-xh_/timg?image&quality=100&size=b4000_4000&sec=1506411050&di=5231633905a929081a521a615a89341d&src=http://www.zhlzw.com/UploadFiles/Article_UploadFiles/201204/20120412123914329.jpg,https://ss0.bdstatic.com/94oJfD_bAAcT8t7mm9GUKT-xh_/timg?image&quality=100&size=b4000_4000&sec=1506411050&di=5231633905a929081a521a615a89341d&src=http://www.zhlzw.com/UploadFiles/Article_UploadFiles/201204/20120412123914329.jpg,https://ss0.bdstatic.com/94oJfD_bAAcT8t7mm9GUKT-xh_/timg?image&quality=100&size=b4000_4000&sec=1506411050&di=5231633905a929081a521a615a89341d&src=http://www.zhlzw.com/UploadFiles/Article_UploadFiles/201204/20120412123914329.jpg,https://ss0.bdstatic.com/94oJfD_bAAcT8t7mm9GUKT-xh_/timg?image&quality=100&size=b4000_4000&sec=1506411050&di=5231633905a929081a521a615a89341d&src=http://www.zhlzw.com/UploadFiles/Article_UploadFiles/201204/20120412123914329.jpg,https://ss0.bdstatic.com/94oJfD_bAAcT8t7mm9GUKT-xh_/timg?image&quality=100&size=b4000_4000&sec=1506411050&di=5231633905a929081a521a615a89341d&src=http://www.zhlzw.com/UploadFiles/Article_UploadFiles/201204/20120412123914329.jpg,https://ss0.bdstatic.com/94oJfD_bAAcT8t7mm9GUKT-xh_/timg?image&quality=100&size=b4000_4000&sec=1506411050&di=5231633905a929081a521a615a89341d&src=http://www.zhlzw.com/UploadFiles/Article_UploadFiles/201204/20120412123914329.jpg,https://ss0.bdstatic.com/94oJfD_bAAcT8t7mm9GUKT-xh_/timg?image&quality=100&size=b4000_4000&sec=1506411050&di=5231633905a929081a521a615a89341d&src=http://www.zhlzw.com/UploadFiles/Article_UploadFiles/201204/20120412123914329.jpg,https://ss0.bdstatic.com/94oJfD_bAAcT8t7mm9GUKT-xh_/timg?image&quality=100&size=b4000_4000&sec=1506411050&di=5231633905a929081a521a615a89341d&src=http://www.zhlzw.com/UploadFiles/Article_UploadFiles/201204/20120412123914329.jpg"

            },
            {
                "kbType": "BKH0",
                "imgUrls": "https://ss0.bdstatic.com/94oJfD_bAAcT8t7mm9GUKT-xh_/timg?image&quality=100&size=b4000_4000&sec=1506411050&di=5231633905a929081a521a615a89341d&src=http://www.zhlzw.com/UploadFiles/Article_UploadFiles/201204/20120412123914329.jpg,https://ss0.bdstatic.com/94oJfD_bAAcT8t7mm9GUKT-xh_/timg?image&quality=100&size=b4000_4000&sec=1506411050&di=5231633905a929081a521a615a89341d&src=http://www.zhlzw.com/UploadFiles/Article_UploadFiles/201204/20120412123914329.jpg,https://ss0.bdstatic.com/94oJfD_bAAcT8t7mm9GUKT-xh_/timg?image&quality=100&size=b4000_4000&sec=1506411050&di=5231633905a929081a521a615a89341d&src=http://www.zhlzw.com/UploadFiles/Article_UploadFiles/201204/20120412123914329.jpg"
            },
            {
                "kbType": "BKH2",
                "imgUrls": "https://ss0.bdstatic.com/94oJfD_bAAcT8t7mm9GUKT-xh_/timg?image&quality=100&size=b4000_4000&sec=1506411050&di=5231633905a929081a521a615a89341d&src=http://www.zhlzw.com/UploadFiles/Article_UploadFiles/201204/20120412123914329.jpg,https://ss0.bdstatic.com/94oJfD_bAAcT8t7mm9GUKT-xh_/timg?image&quality=100&size=b4000_4000&sec=1506411050&di=5231633905a929081a521a615a89341d&src=http://www.zhlzw.com/UploadFiles/Article_UploadFiles/201204/20120412123914329.jpg,https://ss0.bdstatic.com/94oJfD_bAAcT8t7mm9GUKT-xh_/timg?image&quality=100&size=b4000_4000&sec=1506411050&di=5231633905a929081a521a615a89341d&src=http://www.zhlzw.com/UploadFiles/Article_UploadFiles/201204/20120412123914329.jpg"
            },
            {
                "kbType": "BKH3",
                "imgUrls": "https://ss0.bdstatic.com/94oJfD_bAAcT8t7mm9GUKT-xh_/timg?image&quality=100&size=b4000_4000&sec=1506411050&di=5231633905a929081a521a615a89341d&src=http://www.zhlzw.com/UploadFiles/Article_UploadFiles/201204/20120412123914329.jpg,https://ss0.bdstatic.com/94oJfD_bAAcT8t7mm9GUKT-xh_/timg?image&quality=100&size=b4000_4000&sec=1506411050&di=5231633905a929081a521a615a89341d&src=http://www.zhlzw.com/UploadFiles/Article_UploadFiles/201204/20120412123914329.jpg,https://ss0.bdstatic.com/94oJfD_bAAcT8t7mm9GUKT-xh_/timg?image&quality=100&size=b4000_4000&sec=1506411050&di=5231633905a929081a521a615a89341d&src=http://www.zhlzw.com/UploadFiles/Article_UploadFiles/201204/20120412123914329.jpg"

            },
            {
                "kbType": "BKG0",
                "imgUrls": "https://ss0.bdstatic.com/94oJfD_bAAcT8t7mm9GUKT-xh_/timg?image&quality=100&size=b4000_4000&sec=1506411050&di=5231633905a929081a521a615a89341d&src=http://www.zhlzw.com/UploadFiles/Article_UploadFiles/201204/20120412123914329.jpg,https://ss0.bdstatic.com/94oJfD_bAAcT8t7mm9GUKT-xh_/timg?image&quality=100&size=b4000_4000&sec=1506411050&di=5231633905a929081a521a615a89341d&src=http://www.zhlzw.com/UploadFiles/Article_UploadFiles/201204/20120412123914329.jpg,https://ss0.bdstatic.com/94oJfD_bAAcT8t7mm9GUKT-xh_/timg?image&quality=100&size=b4000_4000&sec=1506411050&di=5231633905a929081a521a615a89341d&src=http://www.zhlzw.com/UploadFiles/Article_UploadFiles/201204/20120412123914329.jpg"

            }
        ], 
        "supplyInfo": "呃呃呃呃补件要求呃呃呃呃补件要求呃呃呃呃补件要求呃呃呃呃补件要求", 
        "clientName": "张三", 
        "barcode": "KB222z555555", 
        "orderNo": "kjkjknkk", 
        "orderId": "898989898989"
    }, 
    "msg": "", 
    "flag": "1"
}