{
    "flag": "1",
    "data":
    {
        "custInfo":
        {
            "globalType": "Ind02",
            "country": "CHN",
            "globalId": "441581199204235541",
            "clientName": "林订单",
            "sex": "2",
            "birthDate": "1992-04-22",
            "secuFinDirExpiryDate": "0",
            "finDirExpiryDate": "2030-10-10",
            "certificateOrg": "xxx派出所"
        },
        "loanInfo":
        {
            "loanVariety": "2",
            "loanPlan": "1",
            "bizApplyAmount": "1000000",
            "publicReserveApplyAmount": "0"
        },
        "houseList": [
        {
            "houseKinds": "10",
            "warrantType": "01",
            "warrantCode": "1111",
            "houseProvince": "440000/广东省",
            "houseCity": "440100/广州市",
            "houseCounty": "440101/市辖区",
            "houseAddress": "越秀区9号8栋",
            "houseArea": "125",
            "estateType": "10"
        }],
        "sellerInfo":
        {
            "sellerInvestigateDate": "2017-12-25",
            "sellerMobile": "13724218888",
            "sellerName": "林二狗"
        },
        "sellInfo":
        {
            "storeName": "哈哈1",
            "storeId": "121212",
            "agencyName": "123",
            "agencyCode": "123",
            "referralName": "张三丰",
            "referralUm": "zhangsan001"
        }
    },
    "msg": "请求成功"
}
