{
    "flag": "1",
    "data": {
        "collateralList": [
            {
                "collateralId": "awer90a8r0f9a8sg09",
                "warrantCode": "",
                "warrantType": "有什么类型",
                "houseProvince": "北京",
                "houseCounty": "北京",
                "houseAddress": "北京",
                "addressDetail": "北京",
                "houseArea": "100"
            },
            {
                "collateralId": "awer90a8r0f9a8sg09",
                "warrantCode": "",
                "warrantType": "北京",
                "houseProvince": "北京",
                "houseCounty": "北京",
                "houseAddress": "北京",
                "addressDetail": "北京",
                "houseArea": "100"
            },
            {
                "collateralId": "awer90a8r0f9a8sg09",
                "warrantCode": "",
                "warrantType": "北京",
                "houseProvince": "北京",
                "houseCounty": "北京",
                "houseAddress": "北京",
                "addressDetail": "北京",
                "houseArea": "100"
            }
        ]
    },
    "msg": "请求数据成功"
}
