{
    "flag": "1",
    "data": [
        {
            "unionId": "12312312312313",
            "warrantOwnName": "小刚",
            "warrantOwnGlobalType": "Ind01",
            "warrantOwnGlobalId": "610404199208251039"
        },
        {
            "unionId": "12312312312314",
            "warrantOwnName": "李四",
            "warrantOwnGlobalType": "Ind01",
            "warrantOwnGlobalId": "610404199208251034"
        },
        {
            "unionId": "12312312312315",
            "warrantOwnName": "王五",
            "warrantOwnGlobalType": "Ind01",
            "warrantOwnGlobalId": "610404199208251035"
        },
        {
            "unionId": "12312312312316",
            "warrantOwnName": "王六",
            "warrantOwnGlobalType": "Ind01",
            "warrantOwnGlobalId": "610404199208251036"
        },
        {
            "unionId": "12312312312317",
            "warrantOwnName": "王七",
            "warrantOwnGlobalType": "Ind01",
            "warrantOwnGlobalId": "610404199208251037"
        },
        {
            "unionId": "12312312312318",
            "warrantOwnName": "王八",
            "warrantOwnGlobalType": "Ind01",
            "warrantOwnGlobalId": "61040419920825103"
        }
    ],
    "msg": "需手动更改数据"
}
