{
    "data":{
        "creditStatus": "111",
        "custPartnerInfo":[
            {
                "partnerGlobalId":"3414234",
                "partnerGlobalType":"1",
                "partnerStatus":"1",
                "partnerMobile":"13724218888",
                "partnerName":"李四"
            },
            {
                "partnerGlobalId":"3414234",
                "partnerGlobalType":"1",
                "partnerStatus":"1",
                "partnerMobile":"13724218887",
                "partnerName":"李四三"
            }
        ],
        "guarantorInfo":[
            {
                "guarantorGlobalId":"3414234",
                "guarantorGlobalType":"1",
                "guarantorStatus":"1",
                "guarantorMobile":"13724218888",
                "guarantorName":"李四"
            },
            {
                "guarantorGlobalId":"3414234",
                "guarantorGlobalType":"1",
                "guarantorStatus":"1",
                "guarantorMobile":"13724218887",
                "guarantorName":"李四三"
            }
        ],
        "custSpouseInfo":{
            "spouseGlobalId":"112123123123",
            "spouseGlobalType":"2",
            "spouseStatus":"1",
            "spouseMobile":"13724218883",
            "spouseName":"王麻子"
        },
        "custInfo":{
            "clientGlobalId":"3453145451345435",
            "clientGlobalType":"1",
            "clientStatus":"1",
            "clientMobile":"13724218881",
            "clientName":"张三"
        }
    },
    "msg":"",
    "flag":"1"
}
