{"flag":"1","data":{"province":[{"k":"440000","v":"广东省"},{"k":"510000","v":"四川省"}],"city":{"440000":[{"k":"440100","v":"广州市"}],"510000":[{"k":"510100","v":"成都市"}]},"zone":{"440100":[{"k":"440101","v":"市辖区"},{"k":"440103","v":"荔湾区"},{"k":"440104","v":"越秀区"},{"k":"440105","v":"海珠区"},{"k":"440106","v":"天河区"},{"k":"440111","v":"白云区"},{"k":"440112","v":"黄埔区"},{"k":"440113","v":"番禺区"},{"k":"440114","v":"花都区"},{"k":"440115","v":"南沙区"},{"k":"440116","v":"萝岗区"},{"k":"440183","v":"增城市"},{"k":"440184","v":"从化市"}],"510100":[{"k":"000018","v":"高新区"},{"k":"000035","v":"天府新区"},{"k":"510101","v":"市辖区"},{"k":"510104","v":"锦江区"},{"k":"510105","v":"青羊区"},{"k":"510106","v":"金牛区"},{"k":"510107","v":"武侯区"},{"k":"510108","v":"成华区"},{"k":"510112","v":"龙泉驿区"},{"k":"510113","v":"青白江区"},{"k":"510114","v":"新都区"},{"k":"510115","v":"温江区"},{"k":"510121","v":"金堂县"},{"k":"510122","v":"双流县"},{"k":"510124","v":"郫县"},{"k":"510129","v":"大邑县"},{"k":"510131","v":"蒲江县"},{"k":"510132","v":"新津县"},{"k":"510181","v":"都江堰市"},{"k":"510182","v":"彭州市"},{"k":"510183","v":"邛崃市"},{"k":"510184","v":"崇州市"}]},"tel":{"440100":"020","510100":"028"}},"msg":"请求成功"}
