{
    "flag": "1",
    "data": {
        "houseInfo": {
            "collateralId": "",
            "houseProvince":"",
            "houseCity":"",
            "houseCounty":"",
            "houseAddress":"",
            "houseArea": "",
            "warrantType": "02",
            "warrantCode": "",
            "houseKinds": "21",
            "landParcelCode": "fdfkjk354",
            "storeySumNum": 26,
            "houseIndoorArea": 98,
            "buildingName": "反间谍花苑",
            "estateType": "10",
            "houseUse": "01",
            "finishDate": "2018-08-08",
            "soilUseDeadline": 1,
            "soilUseDeadlineStardDate": "2017-11-30",
            "soilUseDeadlineEndDate": "2018-11-21",
            "bargainPrice": 6000000,
            "registeredPrice": 1000000,
            "ownerNum": 1
        },
        "ownerList": [
            {
                "unionId": "12312312312313",
                "collateralOwnerId": "fevcsffdsd",
                "warrantOwnName": "刘万",
                "warrantOwnGlobalType": "Ind01",
                "warrantOwnGlobalId": "431025188888883747",
                "warrantOwnShare": 1
            }
        ]
    },
    "msg": ""
}

