{
    "data":{
        "orderId":"111order111",
        "evidenceInfoList":[
            {
                "evidenceContent":"核定异常-银行流水无初审岗核查确认字样／确认事项不清楚,资料缺失或瑕疵-未提供贷款用途或用途材料瑕疵,资料缺失或瑕疵-未提供贷款用途或用途材料瑕疵,资料缺失或瑕疵-未提供贷款用途或用途材料瑕疵",
                "evidenceType":"核定异常-银行流水无初审岗核查确认字样／确认事项不清楚"
            },{
                "evidenceContent":"资料缺失或瑕疵-未提供贷款用途或用途材料瑕疵,资料缺失或瑕疵-未提供贷款用途或用途材料瑕疵,资料缺失或瑕疵-未提供贷款用途或用途材料瑕疵,资料缺失或瑕疵-未提供贷款用途或用途材料瑕疵,资料缺失或瑕疵-未提供贷款用途或用途材料瑕疵",
                "evidenceType":"资料缺失或瑕疵-未提供贷款用途或用途材料瑕疵"
            },{
                "evidenceContent":"补充材料-个人身份、婚姻信息",
                "evidenceType":"补充材料-个人身份、婚姻信息"
            }
        ],
        "evidenceBarcode":"qwdqwdqwd",
        "issuedTime":"2017-8-8",
        "clientName":"是是是",
        "barcode":"32423423423"
    },
    "msg":"需手动更改数据",
    "flag":"1"
}
