{
    "data": {
        "enquiryImg": [{
            "imageReduceUrl": "https://ss0.bdstatic.com/94oJfD_bAAcT8t7mm9GUKT-xh_/timg?image&quality=100&size=b4000_4000&sec=1506411050&di=5231633905a929081a521a615a89341d&src=http://www.zhlzw.com/UploadFiles/Article_UploadFiles/201204/20120412123914329.jpg",
            "imageUrl": "https://ss0.bdstatic.com/94oJfD_bAAcT8t7mm9GUKT-xh_/timg?image&quality=100&size=b4000_4000&sec=1506411050&di=5231633905a929081a521a615a89341d&src=http://www.zhlzw.com/UploadFiles/Article_UploadFiles/201204/20120412123914329.jpg",
            "imageId": "123123"
        },{
            "imageReduceUrl": "https://ss0.bdstatic.com/94oJfD_bAAcT8t7mm9GUKT-xh_/timg?image&quality=100&size=b4000_4000&sec=1506411050&di=5231633905a929081a521a615a89341d&src=http://www.zhlzw.com/UploadFiles/Article_UploadFiles/201204/20120412123914329.jpg",
            "imageUrl": "https://timgsa.baidu.com/timg?image&quality=80&size=b9999_10000&sec=1506421213672&di=92af7e48f2fd84321aa063cbce5637ac&imgtype=0&src=http%3A%2F%2Fwww.zhlzw.com%2FUploadFiles%2FArticle_UploadFiles%2F201204%2F20120412123926750.jpg",
            "imageId": "123123123"
        }],
        "evaluationFlag": 1,
        "evaluationCompanyList": [
            {
                "evaluationCompanyName": "公司"
            },{
                "evaluationCompanyName": "公司2"
            }
        ],
        "loanInfo": {
            "publicReserveApplyAmount": 2000,
            "bizApplyAmount": 30000,
            "loanPlan": "纯商贷&公积金贷",
            "loanVariety": "二手楼按揭"
        },
        "custInfo": {
            "clientName": "lisi",
            "globalId": "322987197908080888"
        },
        "sellerInfo": {
            "sellerInvestigateDate": "2017-10-09",
            "sellerMobile": "1899999999",
            "sellerName": "孙大"
        },
        "houseInfo": {
            "affirmAmount":123213,
            "warrantCode":"苏字第8888号",
            "warrantType":"房屋所有权证",
            "houseCounty":"相城区",
            "houseCity":"苏州市",
            "houseProvince":"江苏省",
            "houseArea":"129.99",
            "houseAddress":"东环路50号"
        },
        "evaluationCompanyInfo": {
            "evaluationEmail":"chenxiao@163.com",
            "evaluationMobile":"139999999",
            "evaluationName":"陈晓",
            "evaluationCompay":"深圳市世联土地房地产评估有限公司"
        }
    },
    "msg": "需手动更改数据",
    "flag": "1"
}
