{
	"flag":"1",
	"msg":"需手动更改数据",
	"data":{
		"bankManageerInfoList": [
			{"selected":"0","bankManagerMobile":"15134254354","bankManagerUm":"林俊(linjun291)"},
			{"selected":"0","bankManagerMobile":"17746464646","bankManagerUm":"亮泽辉(lianzehui521)"},
			{"selected":"0","bankManagerMobile":"12226665555","bankManagerUm":"哈哈(haha222)"},
			{"selected":"0","bankManagerMobile":"18899990000","bankManagerUm":"碎冰(suibian111)"}
		],
		"bankManagerMobile": "15134254354",
		"bankManagerUm": "林俊(linjun291)",
		"orderId":"111order111",
		"barcode":"3423423423",
		"clientName":"老王",
		"mobile":"13850505000",
		"interviewType":"001",
		"storeName":"天堂",
		"isInformManager": 0,
		"signDate":"2017-12-12",
		"signTimeBlock":"1"
	}
}
