{
    "flag": "1",
    "msg": "",
    "data": {
        "houseCity": "广东深圳",
        "custInfo": {
            "country": "CHN",
            "globalType": "Ind01",
            "globalId": "610404199208256666",
            "clientName": "小刚-测试",
            "sex": "1",
            "birthDate": "1992-08-25",
            "secuFinDirExpiryDate": "0",
            "finDirExpiryDate": "2029-08-25",
            "certificateOrg": "深圳",
            "maritalStatus": "20"
        },
        "spouseInfo": {
            "country": "CHN",
            "globalType": "Ind01",
            "globalId": "610404199208257777",
            "clientName": "配偶",
            "sex": "2",
            "birthDate": "1992"
        },
        "partnerList": [
            {
                "mainBorrowerRelation": "0301",
                "mainBorrowerRelationOther": null,
                "country": "CHN",
                "globalType": "Ind01",
                "globalId": "610404199208258888",
                "clientName": "配偶",
                "sex": "2",
                "birthDate": "1992-08-25"
            }
        ],
        "guarantorList": [
            {
                "mainBorrowerRelation": "0304",
                "mainBorrowerRelationOther": null,
                "country": "CHN",
                "globalType": "Ind01",
                "globalId": "610404199208259999",
                "clientName": "保证人",
                "sex": "1",
                "birthDate": "1992-08-25"
            }
        ]
    }
}

