{
    "data":{
        "birthDate":"1990-10-13",
        "certificateOrg":"上海",
        "clientJobyears":5,
        "clientName":"陈大倜",
        "companyAddress":"VVV",
        "companyCity":"440100/广州市",
        "companyCounty":" 360201/市辖区",
        "companyName":"VV",
        "companyProvince":"440000/广东省",
        "companyTelephone":"021-68061234",
        "country":"CHN",
        "deptName":"BB",
        "dutyLevel":"10",
        "dutyName":"BB",
        "education":"20",
        "employmentType":"020",
        "familyHouseNum":1,
        "familyMonthCashOut":10000,
        "finDirExpiryDate":"2024-10-13",
        "firstMailType":"10",
        "firstPhoneType":"10",
        "globalId":"310102199012204436",
        "globalType":"Ind01",
        "homeAddress":"BB",
        "homeCity":"440100/广州市",
        "homeCounty":"360201/市辖区",
        "homeProvince":"440000/广东省",
        "insureFlag":"0",
        "localCensusFlag":"1",
        "localHouseFlag":"0",
        "localSocialFlag":"1",
        "localYear":20,
        "maritalStatus":"10",
        "mimorChildFlag":"0",
        "mobile":"13211111100",
        "monthIncome":20000,
        "ownBranchPayrollWageFlag":"1",
        "paymentType":"1",
        "positionType":"A",
        "repaymentAccountBank":"平安银行",
        "repaymentAccountCardNo":"6222021001036695842",
        "repaymentAccountName":"陈大倜",
        "residenceRegisteredType":"01",
        "residentType":"2",
        "secuFinDirExpiryDate":"0",
        "sellerCollectMoney":"1",
        "sex":"F",
        "socProPaybase":9996,
        "socialPayYear":5,
        "specialQualifacationType":"010",
        "unitKind":"HY04",
        "unitTypeCode":"10"
    },
    "flag":"1",
    "msg":"操作成功"
}
