{
	"flag": "1",
	"data": [
		{
			"kbType": "KB10",
			"imgList": [
			]
		},
		{
			"kbType": "KB20",
			"imgList": [
				{
					"imgId": "dssdd",
					"imgUrl": "/mtg2/common/showImage/thumb_c9eae0daf09e4d85aa4c4d653e2cb997-EQY-UjpqFKygjR.jpeg"
				},
				{
					"imgId": "dssdd",
					"imgUrl": "/mtg2/common/showImage/thumb_c9eae0daf09e4d85aa4c4d653e2cb997-EQY-UjpqFKygjR.jpeg"
				},
				{
					"imgId": "dssdd",
					"imgUrl": "/mtg2/common/showImage/thumb_c9eae0daf09e4d85aa4c4d653e2cb997-EQY-UjpqFKygjR.jpeg"
				}
			]
		},
		{
			"kbType": "KB40",
			"imgList": []
		},
		{
			"kbType": "KBH0",
			"imgList": []
		},
		{
			"kbType": "KBH2",
			"imgList": []
		},
		{
			"kbType": "KBH3",
			"imgList": []
		},
		{
			"kbType": "KBG0",
			"imgList": []
		}
	],
	"msg": "需手动更改数据"
}