{
    "flag": "1",
    "data": {
        "custInfo": {
            "globalType": "Ind01",
            "country": "CHN",
            "globalId": "",
            "clientName": "",
            "sex": "M",
            "birthDate": "1987-10-10",
            "secuFinDirExpiryDate": "0",
            "finDirExpiryDate": "2030-10-10",
            "certificateOrg": "xxx派出所"
        },
        "loanInfo": {
            "loanVariety": "2",
            "loanPlan": "1",
            "bizApplyAmount": "100",
            "publicReserveApplyAmount": ""
        },
        "houseList": [
            {
                "houseKinds": "10",
                "warrantType": "10",
                "warrantCode": "",
                "houseProvince": "",
                "houseCity": "",
                "houseCounty": "",
                "houseAddress": "越秀区9号8栋",
                "houseArea": "125"
            }
        ],
        "sellerInfo": {
            "sellerInvestigateDate": "2017-12-25",
            "sellerMobile": "13724218888",
            "sellerName": "林二狗"
        }
    },
    "msg": "需手动更改数据"
}
