{
  "flag": "1",
  "data": {
    "orderList": [{
    "orderId": "1",
    "bankStatus": "3",
    "barcode": "KB003625473625176876",
    "orderStatus": "1",
    "loanVariety": "1",
    "clientName": "欧阳1",
    "mobile": "1380000000"
  },{
    "orderId": "2",
    "bankStatus": "5",
    "barcode": "KB003625473625176876",
    "orderStatus": "2",
    "loanVariety": "2",
    "clientName": "欧阳2",
    "mobile": "1380000000"
  },{
    "orderId": "3",
    "bankStatus": "6",
    "barcode": "KB003625473625176876",
    "orderStatus": "3",
    "loanVariety": "5",
    "clientName": "欧阳3",
    "mobile": "1380000000"
  },{
    "orderId": "4",
    "bankStatus": "3",
    "barcode": "KB003625473625176876",
    "orderStatus": "3",
    "loanVariety": "1",
    "clientName": "欧阳4",
    "mobile": "1380000000"
  },{
    "orderId": "5",
    "bankStatus": "3",
    "barcode": "KB003625473625176876",
    "orderStatus": "5",
    "loanVariety": "5",
    "clientName": "欧阳5",
    "mobile": "1380000000"
  },{
    "orderId": "6",
    "bankStatus": "5",
    "barcode": "KB003625473625176876",
    "orderStatus": "6",
    "loanVariety": "1",
    "clientName": "欧阳6",
    "mobile": "1380000000"
  },{
    "orderId": "7",
    "bankStatus": "3",
    "barcode": "KB003625473625176876",
    "orderStatus": "7",
    "loanVariety": "1",
    "clientName": "欧阳7",
    "mobile": "1380000000"
  },{
    "orderId": "8",
    "bankStatus": "3",
    "barcode": "KB003625473625176876",
    "orderStatus": "8",
    "loanVariety": "1",
    "clientName": "欧阳8",
    "mobile": "1380000000"
  },{
    "orderId": "9",
    "bankStatus": "3",
    "barcode": "KB003625473625176876",
    "orderStatus": "9",
    "loanVariety": "1",
    "clientName": "欧阳9",
    "mobile": "1380000000"
  },{
    "orderId": "10",
    "bankStatus": "6",
    "barcode": "KB003625473625176876",
    "orderStatus": "10",
    "loanVariety": "1",
    "clientName": "欧阳10",
    "mobile": "1380000000"
  }]
  },
  "msg": "登录成功"
}
