{
    "flag": "1",
    "data": {
        "orderList": [{
        "orderId":"111111orderId11111",
        "orderNo":"2222orderNo222222222",
        "barcode":"KB003625473625176876",
        "taskRelevance":"123",
        "orderStatus":"1",
        "interviewType":"002",
        "loanVariety":"1",
        "clientName":"张峰",
        "mobile":"13721212121",
        "signDate":"2017-09-08",
        "signBeginTime":"9:00",
        "signEndTime":"10:00"
      }, {
        "orderId":"111111orderId11111",
        "orderNo":"2222orderNo222222222",
        "barcode":"KB003625473625176876",
        "taskRelevance":"123",
        "orderStatus":"2",
        "interviewType":"001",
        "loanVariety":"2",
        "clientName":"张时代",
        "mobile":"13721212121",
        "signDate":"2017-09-08",
        "signBeginTime":"9:00",
        "signEndTime":"10:00"
      }, {
        "orderId":"111111orderId11111",
        "orderNo":"2222orderNo222222222",
        "barcode":"KB003625473625176876",
        "taskRelevance":"123",
        "orderStatus":"3",
        "interviewType":"001",
        "loanVariety":"5",
        "clientName":"张发呆",
        "mobile":"13721212121",
        "signDate":"2017-09-08",
        "signBeginTime":"9:00",
        "signEndTime":"10:00"
      }, {
        "orderId":"111111orderId11111",
        "orderNo":"2222orderNo222222222",
        "barcode":"KB003625473625176876",
        "taskRelevance":"123",
        "orderStatus":"4",
        "interviewType":"001",
        "loanVariety":"5",
        "clientName":"张大厦",
        "mobile":"13721212121",
        "signDate":"2017-09-08",
        "signBeginTime":"9:00",
        "signEndTime":"10:00"
      }, {
        "orderId":"111111orderId11111",
        "orderNo":"2222orderNo222222222",
        "barcode":"KB003625473625176876",
        "taskRelevance":"123",
        "orderStatus":"5",
        "interviewType":"002",
        "loanVariety":"2",
        "clientName":"张认为",
        "mobile":"13721212121",
        "signDate":"2017-09-08",
        "signBeginTime":"9:00",
        "signEndTime":"10:00"
      }, {
        "orderId":"111111orderId11111",
        "orderNo":"2222orderNo222222222",
        "barcode":"KB003625473625176876",
        "taskRelevance":"123",
        "orderStatus":"6",
        "interviewType":"002",
        "loanVariety":"1",
        "clientName":"张多少",
        "mobile":"13721212121",
        "signDate":"2017-09-08",
        "signBeginTime":"9:00",
        "signEndTime":"10:00"
      }, {
        "orderId":"111111orderId11111",
        "orderNo":"2222orderNo222222222",
        "barcode":"KB003625473625176876",
        "taskRelevance":"123",
        "orderStatus":"7",
        "interviewType":"002",
        "loanVariety":"2",
        "clientName":"张风",
        "mobile":"13721212121",
        "signDate":"2017-09-08",
        "signBeginTime":"9:00",
        "signEndTime":"10:00"
      }, {
        "orderId":"111111orderId11111",
        "orderNo":"2222orderNo222222222",
        "barcode":"KB003625473625176876",
        "taskRelevance":"123",
        "orderStatus":"8",
        "interviewType":"001",
        "loanVariety":"1",
        "clientName":"张粉",
        "mobile":"13721212121",
        "signDate":"2017-09-08",
        "signBeginTime":"9:00",
        "signEndTime":"10:00"
      }, {
        "orderId":"111111orderId11111",
        "orderNo":"2222orderNo222222222",
        "barcode":"KB003625473625176876",
        "taskRelevance":"123",
        "orderStatus":"9",
        "interviewType":"001",
        "loanVariety":"5",
        "clientName":"张伊",
        "mobile":"13721212121",
        "signDate":"2017-09-08",
        "signBeginTime":"9:00",
        "signEndTime":"10:00"
      }, {
        "orderId":"111111orderId11111",
        "orderNo":"2222orderNo222222222",
        "barcode":"KB003625473625176876",
        "taskRelevance":"123",
        "orderStatus":"10",
        "interviewType":"002",
        "loanVariety":"5",
        "clientName":"张衣",
        "mobile":"13721212121",
        "signDate":"2017-09-08",
        "signBeginTime":"9:00",
        "signEndTime":"10:00"
      }, {
        "orderId":"111111orderId11111",
        "orderNo":"2222orderNo222222222",
        "barcode":"KB003625473625176876",
        "taskRelevance":"123",
        "orderStatus":"1",
        "interviewType":"001",
        "loanVariety":"2",
        "clientName":"张以",
        "mobile":"13721212121",
        "signDate":"2017-09-08",
        "signBeginTime":"9:00",
        "signEndTime":"10:00"
      }, {
        "orderId":"111111orderId11111",
        "orderNo":"2222orderNo222222222",
        "barcode":"KB003625473625176876",
        "taskRelevance":"123",
        "orderStatus":"2",
        "interviewType":"002",
        "loanVariety":"1",
        "clientName":"张已",
        "mobile":"13721212121",
        "signDate":"2017-09-08",
        "signBeginTime":"9:00",
        "signEndTime":"10:00"
      }, {
        "orderId":"111111orderId11111",
        "orderNo":"2222orderNo222222222",
        "barcode":"KB003625473625176876",
        "taskRelevance":"123",
        "orderStatus":"3",
        "interviewType":"001",
        "loanVariety":"1",
        "clientName":"张译",
        "mobile":"13721212121",
        "signDate":"2017-09-08",
        "signBeginTime":"9:00",
        "signEndTime":"10:00"
      }]
    },
    "msg": "登陆成功"
}
