{
    "flag": "1",
    "data": {
        "partnerGuarantorId":"wqrwrqr23rwafq489rhfa8ry",
        "clientName": "望月",
        "globalType": "Ind01",
        "globalId": "4325241988607091234",
        "country": "CHN",
        "sex": "M",
        "birthDate": "1979-08-08",
        "mainBorrowerRelation": "0301",
        "majorCustRelationOther":"",
        "maritalStatus": "20",
        "education": "20",
        "censusAddress": "北京市北京市北京技术开发区",
        "localSocialFlag": "1",
        "familyHouseNum": "10",
        "localHouseFlag": "1",
        "localYear": "1",
        "homeProvince": "110000/北京市",
        "homeCity": "110100/北京市",
        "homeCounty": "",
        "homeAddress": "xx路",
        "familyMonthCashOut": "1000",
        "companyName": "平安科技",
        "deptName": "核心信贷",
        "clientJobyears": "4",
        "companyCounty": "",
        "companyProvince": "110000/北京市",
        "companyCity": "110100/北京市",
        "companyAddress": "兆邦基28楼",
        "monthIncome": "12000",
        "companyTelephone": "0755-22625470",
        "mobile": "13724218888",
        "firstPhoneType": "1",
        "socProPaybase": "10000"
    },
    "msg": "请求数据成功"
}
