{
    "flag": "1",
    "data": {
        "userList":[
            {
                "partnerGuarantorId":"awer90a8r0f9a8sg09a8sg08a09g80gh",
                "clientName":"张三",
                "sex":"M",
                "mainBorrowerRelation":"0301",
                "globalType":"Ind01",
                "globalId":"432524198807091234"
            },
            {
                "partnerGuarantorId":"awer922228sg09a8sg08a09g80gh",
                "clientName":"张三",
                "sex":"M",
                "mainBorrowerRelation":"0301",
                "globalType":"Ind01",
                "globalId":"432524198807091124"
            }
        ]
    },
    "msg": "请求数据成功"
}
