{
	"flag": "1",
	"data": {
		"loanVariety": "1",
		"loanSchemeId":"真不知道怎么填",
		"faceSignMode":"002",
		"sealType":"01",
		"inttatesExecuteType":"写死浮动",
		"percentAge": 0.33666,
		"intFloatSpread":null,
		"firstDeveloperName":"填一手楼开发商名称",
		"firstLimitCode":"5345843",
		"assureCompanyName":"平安集团",
		"assureCompanyLimitNo":"danbaobianhao",
		"assureType":"20",
		"isAppointInsure":"00",
		"appointInsureTerm":0,
		"repaymentAccountCardNo":"3493849854758694605",
		"mortgageInsuranceLiability":"000",
		"mortgageInsurancePeriod": "",
		"loanInterestApplication":"0"
	},
	"msg": ""
}