{
    "data":{
        "birthDate":"2017-10-13",
        "clientName":"默默",
        "companyAddress":"sdf",
        "companyCity":"110100/北京市",
        "companyCounty":"000046/北京技术开发区",
        "companyName":"sadf",
        "companyProvince":"110000/北京市",
        "companyTelephone":"0755-2132534",
        "country":"CHN",
        "globalId":"2323",
        "globalType":"Ind03",
        "mobile":"13734388443",
        "monthIncome":32323,
        "sex":"M",
        "socProPaybase":23
    },
    "flag":"1",
    "msg":"操作成功"
}